{"members" : [
    {"fullname": "Charlotte Levi", "job": "Design", "country": "Australia", "image":"m0", "mail":"levi@email.com"},
    {"fullname": "Nattasha Julie", "job": "Design", "country": "Australia", "image":"m1", "mail":"levi@email.com"},
    {"fullname": "John Smith", "job": "Design", "country": "Australia", "image":"m2", "mail":"levi@email.com"},
    {"fullname": "Nora Owen", "job": "Design", "country": "Australia", "image":"m3", "mail":"levi@email.com"},
    {"fullname": "Avery Jackson", "job": "Design", "country": "Australia", "image":"m4", "mail":"levi@email.com"},
    {"fullname": "Sofia Carter", "job": "Design", "country": "Australia", "image":"m5", "mail":"levi@email.com"},
    {"fullname": "Glanna Mateo", "job": "Design", "country": "Australia", "image":"m6", "mail":"levi@email.com"},
    {"fullname": "Luna James", "job": "Design", "country": "Australia", "image":"m7", "mail":"levi@email.com"}
]}